File number,Test number,category
1,0,OI
1,0,OI
2,0,OI
3,0,OI
3,0,OI
3,0,OI
2,0,OI
1,0,OI
3,0,OI
3,0,OI
1,0,OI
21,0,OI
19,0,OI
17,0,OI
1,0,OI
1,0,OI
2,2,OI
4,0,OI
21,5,OI
1,0,OI
2,0,OI
5,0,OI
0,0,OI
2,0,OI
2,0,OI
0,0,OI
1,1,OI
1,0,OI
1,0,OI
1,1,OI
1,0,OI
1,0,OI
1,0,OI
1,4,OI
1,0,OI
1,0,OI
2,1,OI
1,0,OI
2,0,OI
3,1,OI
1,1,OI
2,1,OI
1,2,OI
3,0,OI
1,0,OI
10,0,OI
3,8,OI
9,3,OI
4,1,OI
1,0,OI
2,0,OI
1,0,OI
3,1,OI
1,1,OI
1,1,OI
1,1,OI
1,2,OI
1,1,OI
6,0,OI
2,2,OI
1,0,OI
1,0,OI
2,0,OI
1,0,OI
2,1,OI
1,0,OI
5,0,OI
1,0,OI
6,0,OI
2,2,OI
5,0,OI
1,0,OI
1,1,OI
2,0,OI
7,0,OI
1,0,OI
1,1,OI
19,3,OI
2,0,OI
4,0,OI
1,0,OI
1,1,OI
2,1,OI
1,0,OI
2,1,OI
4,0,OI
7,0,OI
1,0,OI
6,0,OI
2,0,OI
1,0,OI
4,0,DT
4,0,DT
1,1,DT
1,1,DT
1,1,DT
1,1,DT
1,0,DT
5,4,DT
5,4,DT
5,3,DT
5,0,DT
3,0,DT
1,0,DT
4,0,DT
4,0,DT
4,0,DT
1,0,DT
2,1,DT
2,0,DT
2,0,DT
2,0,DT
1,1,DT
2,0,DT
2,0,DT
4,0,DT
1,1,DT
1,1,DT
1,1,DT
1,0,DT
1,1,DT
1,1,DT
1,0,DT
1,1,DT
1,1,DT
1,2,DT
1,1,DT
1,1,DT
1,0,DT
8,0,DT
1,1,DT
1,1,DT
4,0,DT
1,0,DT
1,3,DT
1,1,DT
3,0,DT
5,4,DT
2,0,DT
5,2,DT
1,0,DT
1,0,DT
2,0,DT
1,0,DT
1,1,DT
2,5,DT
1,1,DT
4,1,DT
1,0,DT
3,5,DT
1,1,DT
5,3,DT
1,2,DT
1,0,DT
4,0,DT
1,0,DT
1,1,DT
2,1,DT
5,4,DT
1,0,DT
1,1,DT
1,1,DT
3,3,DT
1,1,DT
2,5,DT
1,1,DT
1,1,DT
1,1,DT
1,1,DT
1,1,DT
2,0,DT
1,0,DT
2,0,DT
1,0,DT
2,1,DT
1,0,DT
2,2,BP
1,0,BP
2,0,BP
2,0,BP
1,9,BP
1,1,BP
1,0,BP
1,0,BP
1,0,BP
1,0,BP
5,1,BP
1,2,BP
1,0,BP
1,0,BP
1,0,BP
1,0,BP
4,0,BP
1,0,BP
1,0,BP
1,0,BP
2,0,BP
4,0,BP
2,0,BP
4,0,BP
1,0,BP
4,0,BP
4,0,BP
1,0,BP
3,1,BP
1,0,BP
2,0,BP
4,0,BP
17,35,BP
1,0,BP
4,0,BP
5,8,BP
1,0,BP
2,0,BP
1,0,BP
4,2,BP
4,3,BP
2,2,BP
1,0,BP
1,0,BP
2,0,BP
1,0,BP
1,2,BP
1,0,BP
4,0,BP
1,0,BP
5,1,BP
4,0,BP
1,0,BP
1,1,BP
1,0,BP
1,0,BP
12,4,BP
3,0,BP
2,1,BP
8,0,BP
4,0,BP
35,5,BP
4,0,BP
1,0,BP
7,7,BP
24,1,BP
4,0,BP
4,1,CSRF
1,0,CSRF
6,0,CSRF
1,0,CSRF
2,3,CSRF
9,7,CSRF
1,0,CSRF
0,13,CSRF
11,0,CSRF
4,1,CSRF
1,2,CSRF
4,1,CSRF
2,3,CSRF
1,0,CSRF
1,0,CSRF
4,1,CSRF
1,0,CSRF
1,0,CSRF
2,0,CSRF
2,1,CSRF
2,0,CSRF
2,0,CSRF
1,1,CSRF
1,0,CSRF
1,3,CSRF
4,1,CSRF
1,0,CSRF
1,3,CSRF
8,5,CSRF
1,0,CSRF
4,1,CSRF
0,13,CSRF
1,0,CSRF
1,0,EC(502)
1,0,EC(502)
1,0,EC(502)
1,2,EC(502)
1,0,EC(502)
1,0,EC(502)
1,0,EC(502)
1,2,EC(502)
2,1,EC(502)
1,1,EC(502)
2,1,EC(502)
2,1,EC(502)
8,1,EC(502)
2,2,EC(502)
1,1,EC(502)
1,0,EC(502)
1,1,EC(502)
6,1,EC(502)
1,2,EC(502)
4,0,EC(502)
1,1,EC(502)
1,2,EC(502)
1,0,EC(502)
2,1,EC(502)
1,2,EC(502)
1,1,EC(502)
2,1,EC(502)
2,2,EC(502)
1,0,EC(502)
1,1,EC(502)
1,1,EC(502)
1,0,EC(502)
4,0,EC(502)
1,0,EC(502)
1,2,EC(502)
1,0,EC(502)
1,0,EC(502)
1,1,EC(502)
1,1,EC(502)
1,0,EC(502)
1,1,EC(502)
1,1,EC(19)
9,2,EC(19)
3,0,EC(19)
1,1,EC(19)
1,1,EC(19)
2,1,EC(19)
2,9,EC(19)
2,1,EC(19)
3,0,EC(19)
3,0,EC(19)
3,0,EC(19)
1,0,EC(19)
2,0,EC(19)
3,12,EC(19)
2,0,EC(19)
3,0,EC(19)
1,0,EC(19)
2,1,EC(19)
3,0,EC(19)
9,2,EC(19)
1,1,EC(19)
3,0,EC(19)
9,2,EC(19)
1,1,EC(19)
1,0,XSS
1,0,XSS
1,0,XSS
3,0,XSS
1,0,XSS
1,0,XSS
1,0,XSS
2,0,XSS
1,0,XSS
1,0,XSS
1,0,XSS
1,0,XSS
2,0,XSS
3,1,XSS
1,0,XSS
3,2,XSS
1,0,XSS
2,0,XSS
1,0,XSS
1,0,XSS
3,1,XSS
1,0,XSS
12,2,XSS
1,0,XSS
3,0,XSS
2,0,XSS
3,1,XSS
1,0,XSS
1,0,XSS
1,0,XSS
1,0,XSS
1,0,XSS
3,1,XSS
1,0,XSS
2,0,XSS
2,2,XSS
1,0,XSS
2,0,XSS
3,0,XSS
1,0,XSS
1,0,XSS
1,0,XSS
4,0,XSS
2,0,XSS
3,1,XSS
1,0,XSS
1,0,XSS
12,2,XSS
2,1,XSS
3,1,XSS
2,0,XSS
1,1,XSS
1,0,XSS
1,1,XSS
2,0,XSS
1,0,XSS
1,0,XSS
1,0,XSS
2,0,XSS
1,1,XSS
6,0,XSS
2,0,XSS
3,0,XSS
3,2,XSS
2,2,XSS
2,0,XSS
1,0,XSS
12,2,XSS
1,0,XSS
1,0,XSS
9,0,XSS
1,0,XSS
1,0,XSS
1,4,XSS
1,0,XSS
1,1,XSS
1,0,XSS
1,0,XSS
1,0,XSS
4,0,XSS
2,0,XSS
1,0,XSS
1,2,XSS
0,0,XSS
1,0,XSS
3,0,DOS(20)
3,0,DOS(20)
1,0,DOS(20)
1,0,DOS(20)
2,0,DOS(20)
1,0,DOS(20)
1,0,DOS(20)
1,0,DOS(20)
2,2,DOS(20)
2,0,DOS(20)
1,0,DOS(20)
9,0,DOS(20)
9,1,DOS(20)
1,0,DOS(20)
1,0,DOS(20)
2,0,DOS(20)
1,0,DOS(20)
1,1,DOS(20)
2,0,DOS(20)
2,0,DOS(20)
4,3,DOS(20)
1,0,DOS(20)
1,0,DOS(20)
1,0,DOS(20)
1,0,DOS(20)
1,0,DOS(20)
1,1,DOS(20)
1,0,DOS(20)
6,0,DOS(20)
1,1,DOS(20)
1,0,DOS(20)
1,0,DOS(20)
9,1,DOS(20)
9,1,DOS(20)
1,0,DOS(20)
1,0,DOS(20)
2,2,DOS(20)
4,0,DOS(20)
1,1,DOS(20)
6,0,DOS(20)
4,3,DOS(20)
1,0,DOS(20)
2,0,DOS(399)
1,0,DOS(399)
1,0,DOS(399)
12,1,DOS(399)
0,1,DOS(399)
0,1,DOS(399)
1,0,DOS(399)
1,0,DOS(399)
1,2,DOS(399)
1,0,DOS(399)
1,1,DOS(399)
8,2,DOS(399)
2,2,DOS(399)
1,1,DOS(399)
1,0,DOS(399)
4,0,DOS(399)
2,0,DOS(399)
4,2,DOS(399)
1,2,DOS(399)
35,10,DOS(399)
1,2,DOS(399)
1,2,DOS(399)
10,1,DOS(399)
1,0,DOS(399)
3,1,DOS(399)
1,0,DOS(399)
1,1,DOS(399)
1,0,DOS(399)
1,0,DOS(399)
12,1,DOS(399)
1,1,DOS(399)
1,0,DOS(399)
1,1,DOS(189)
1,1,DOS(189)
1,2,DOS(189)
9,0,DOS(189)
1,0,DOS(189)
1,1,DOS(189)
6,0,DOS(189)
1,0,DOS(189)
1,0,DOS(189)
1,0,DOS(189)
1,0,DOS(189)
1,0,DOS(189)
2,1,DOS(189)
1,0,DOS(189)
2,1,DOS(189)
1,0,DOS(189)
1,1,DOS(189)
2,1,DOS(189)
1,0,DOS(189)
1,1,DOS(189)