Total file,CWE
1,OI
1,OI
2,OI
3,OI
3,OI
3,OI
2,OI
1,OI
4,OI
4,OI
1,OI
23,OI
21,OI
18,OI
1,OI
1,OI
4,OI
4,OI
28,OI
1,OI
2,OI
5,OI
0,OI
2,OI
2,OI
0,OI
2,OI
1,OI
1,OI
2,OI
1,OI
1,OI
1,OI
5,OI
1,OI
1,OI
3,OI
1,OI
2,OI
4,OI
2,OI
3,OI
5,OI
3,OI
1,OI
10,OI
11,OI
12,OI
5,OI
1,OI
2,OI
1,OI
4,OI
2,OI
2,OI
2,OI
4,OI
2,OI
6,OI
4,OI
1,OI
1,OI
2,OI
1,OI
3,OI
1,OI
5,OI
1,OI
6,OI
4,OI
5,OI
1,OI
2,OI
2,OI
7,OI
1,OI
2,OI
24,OI
2,OI
4,OI
2,OI
2,OI
3,OI
1,OI
3,OI
4,OI
7,OI
1,OI
6,OI
2,OI
1,OI
4,DT
4,DT
2,DT
2,DT
2,DT
2,DT
1,DT
11,DT
11,DT
10,DT
7,DT
3,DT
1,DT
4,DT
4,DT
4,DT
1,DT
3,DT
2,DT
2,DT
2,DT
2,DT
2,DT
2,DT
4,DT
2,DT
2,DT
2,DT
1,DT
2,DT
3,DT
1,DT
3,DT
2,DT
3,DT
2,DT
3,DT
1,DT
8,DT
2,DT
2,DT
4,DT
1,DT
4,DT
2,DT
3,DT
11,DT
2,DT
7,DT
1,DT
1,DT
2,DT
1,DT
2,DT
7,DT
2,DT
5,DT
3,DT
8,DT
3,DT
10,DT
3,DT
1,DT
22,DT
1,DT
2,DT
3,DT
11,DT
1,DT
2,DT
2,DT
6,DT
2,DT
7,DT
2,DT
2,DT
2,DT
2,DT
2,DT
2,DT
1,DT
2,DT
1,DT
3,DT
1,DT
5,BP
1,BP
4,BP
4,BP
10,BP
3,BP
1,BP
2,BP
2,BP
1,BP
8,BP
3,BP
3,BP
3,BP
3,BP
5,BP
6,BP
1,BP
1,BP
1,BP
6,BP
6,BP
6,BP
6,BP
5,BP
6,BP
4,BP
1,BP
5,BP
1,BP
2,BP
6,BP
62,BP
3,BP
4,BP
13,BP
5,BP
6,BP
3,BP
6,BP
7,BP
5,BP
1,BP
1,BP
6,BP
1,BP
3,BP
1,BP
4,BP
3,BP
8,BP
4,BP
1,BP
2,BP
1,BP
1,BP
20,BP
3,BP
3,BP
8,BP
4,BP
40,BP
6,BP
1,BP
19,BP
25,BP
6,BP
5,CSRF
1,CSRF
15,CSRF
1,CSRF
5,CSRF
17,CSRF
1,CSRF
14,CSRF
20,CSRF
5,CSRF
4,CSRF
5,CSRF
5,CSRF
1,CSRF
1,CSRF
5,CSRF
1,CSRF
1,CSRF
2,CSRF
3,CSRF
5,CSRF
2,CSRF
6,CSRF
1,CSRF
5,CSRF
5,CSRF
1,CSRF
5,CSRF
13,CSRF
1,CSRF
5,CSRF
14,CSRF
1,CSRF
1,EC(502)
1,EC(502)
1,EC(502)
3,EC(502)
1,EC(502)
1,EC(502)
1,EC(502)
3,EC(502)
3,EC(502)
2,EC(502)
3,EC(502)
3,EC(502)
10,EC(502)
4,EC(502)
2,EC(502)
1,EC(502)
2,EC(502)
7,EC(502)
3,EC(502)
4,EC(502)
2,EC(502)
3,EC(502)
1,EC(502)
3,EC(502)
3,EC(502)
2,EC(502)
3,EC(502)
4,EC(502)
2,EC(502)
2,EC(502)
2,EC(502)
1,EC(502)
4,EC(502)
1,EC(502)
3,EC(502)
1,EC(502)
1,EC(502)
2,EC(502)
2,EC(502)
1,EC(502)
2,EC(502)
2,EC(19)
11,EC(19)
3,EC(19)
2,EC(19)
2,EC(19)
3,EC(19)
12,EC(19)
3,EC(19)
3,EC(19)
3,EC(19)
3,EC(19)
1,EC(19)
2,EC(19)
15,EC(19)
2,EC(19)
3,EC(19)
1,EC(19)
3,EC(19)
3,EC(19)
11,EC(19)
2,EC(19)
3,EC(19)
11,EC(19)
2,EC(19)
1,XSS
1,XSS
1,XSS
3,XSS
1,XSS
1,XSS
1,XSS
2,XSS
3,XSS
3,XSS
1,XSS
2,XSS
2,XSS
4,XSS
1,XSS
6,XSS
2,XSS
2,XSS
4,XSS
2,XSS
4,XSS
1,XSS
14,XSS
2,XSS
3,XSS
5,XSS
4,XSS
1,XSS
1,XSS
2,XSS
1,XSS
2,XSS
4,XSS
1,XSS
2,XSS
4,XSS
3,XSS
2,XSS
3,XSS
1,XSS
1,XSS
1,XSS
22,XSS
5,XSS
4,XSS
1,XSS
1,XSS
14,XSS
3,XSS
4,XSS
4,XSS
2,XSS
2,XSS
9,XSS
2,XSS
2,XSS
1,XSS
1,XSS
3,XSS
3,XSS
15,XSS
5,XSS
3,XSS
6,XSS
5,XSS
2,XSS
1,XSS
14,XSS
5,XSS
1,XSS
9,XSS
1,XSS
1,XSS
7,XSS
1,XSS
2,XSS
1,XSS
1,XSS
1,XSS
22,XSS
3,XSS
1,XSS
3,XSS
0,XSS
7,XSS
3,Dos(20)
3,Dos(20)
1,Dos(20)
1,Dos(20)
2,Dos(20)
1,Dos(20)
1,Dos(20)
1,Dos(20)
4,Dos(20)
2,Dos(20)
1,Dos(20)
10,Dos(20)
11,Dos(20)
1,Dos(20)
1,Dos(20)
3,Dos(20)
1,Dos(20)
2,Dos(20)
2,Dos(20)
2,Dos(20)
7,Dos(20)
1,Dos(20)
1,Dos(20)
1,Dos(20)
1,Dos(20)
1,Dos(20)
2,Dos(20)
1,Dos(20)
6,Dos(20)
2,Dos(20)
1,Dos(20)
1,Dos(20)
11,Dos(20)
11,Dos(20)
1,Dos(20)
1,Dos(20)
4,Dos(20)
4,Dos(20)
2,Dos(20)
6,Dos(20)
7,Dos(20)
1,Dos(20)
2,Dos(399)
1,Dos(399)
1,Dos(399)
14,Dos(399)
1,Dos(399)
1,Dos(399)
1,Dos(399)
1,Dos(399)
3,Dos(399)
1,Dos(399)
2,Dos(399)
10,Dos(399)
4,Dos(399)
2,Dos(399)
1,Dos(399)
4,Dos(399)
2,Dos(399)
6,Dos(399)
3,Dos(399)
45,Dos(399)
3,Dos(399)
3,Dos(399)
12,Dos(399)
1,Dos(399)
4,Dos(399)
2,Dos(399)
2,Dos(399)
1,Dos(399)
1,Dos(399)
14,Dos(399)
2,Dos(399)
1,Dos(399)
2,Dos(189)
2,Dos(189)
3,Dos(189)
15,Dos(189)
1,Dos(189)
2,Dos(189)
9,Dos(189)
1,Dos(189)
1,Dos(189)
1,Dos(189)
1,Dos(189)
1,Dos(189)
3,Dos(189)
1,Dos(189)
3,Dos(189)
1,Dos(189)
2,Dos(189)
3,Dos(189)
1,Dos(189)
2,Dos(189)