CWE.200(OI).file,CWE-200(OI)-config,CWE-200(OI)-GUI,CWE.200(OI).Test,Total-OI,DT.file.num,DT-config-num,DT-GUI-num,DT.Test.num,Total-DT,BP-file-num,BP-config-num,BP-GUI-num,BP-Test-num,Total-BP,352-file-num,352-config-num,352-GUI-num,352-Test-num,Total-CSRF,502-file-num,502-config-num,502-GUI-num,502-Test-num,Total-EC(502),19-file-num,19-config-num,19-GUI-num,19-Test-num,Total-EC(19),79-file-num,79-config-num,79-GUI-num,79-Test-num,Total-XSS,20-file-num,20-config-num,20-GUI-num,20-Test-num,Total-Dos(20),399-file-num,399-config-num,399-GUI-num,399-Test-num,Total-Dos(399),189-file-num,189-config-num,189-GUI-num,189-Test-num,Total-Dos(189)
1,0,0,0,1,4,0,0,0,4,2,1,0,2,5,4,0,0,1,5,1,0,0,0,1,1,0,0,1,2,1,0,0,0,1,3,0,0,0,3,2,0,0,0,2,1,0,0,1,2
1,0,0,0,1,4,0,0,0,4,1,0,0,0,1,1,0,0,0,1,1,0,0,0,1,9,0,0,2,11,1,0,0,0,1,3,0,0,0,3,1,0,0,0,1,1,0,0,1,2
2,0,0,0,2,1,0,0,1,2,2,2,0,0,4,6,1,8,0,15,1,0,0,0,1,3,0,0,0,3,1,0,0,0,1,1,0,0,0,1,1,0,0,0,1,1,0,0,2,3
3,0,0,0,3,1,0,0,1,2,2,2,0,0,4,1,0,0,0,1,1,0,0,2,3,1,0,0,1,2,3,0,0,0,3,1,0,0,0,1,12,1,0,1,14,9,6,0,0,15
3,0,0,0,3,1,0,0,1,2,1,0,0,9,10,2,0,0,3,5,1,0,0,0,1,1,0,0,1,2,1,0,0,0,1,2,0,0,0,2,0,0,0,1,1,1,0,0,0,1
3,0,0,0,3,1,0,0,1,2,1,1,0,1,3,9,1,0,7,17,1,0,0,0,1,2,0,0,1,3,1,0,0,0,1,1,0,0,0,1,0,0,0,1,1,1,0,0,1,2
2,0,0,0,2,1,0,0,0,1,1,0,0,0,1,1,0,0,0,1,1,0,0,0,1,2,1,0,9,12,1,0,0,0,1,1,0,0,0,1,1,0,0,0,1,6,3,0,0,9
1,0,0,0,1,5,2,0,4,11,1,1,0,0,2,0,1,0,13,14,1,0,0,2,3,2,0,0,1,3,2,0,0,0,2,1,0,0,0,1,1,0,0,0,1,1,0,0,0,1
3,1,0,0,4,5,2,0,4,11,1,1,0,0,2,11,0,9,0,20,2,0,0,1,3,3,0,0,0,3,1,0,2,0,3,2,0,0,2,4,1,0,0,2,3,1,0,0,0,1
3,1,0,0,4,5,2,0,3,10,1,0,0,0,1,4,0,0,1,5,1,0,0,1,2,3,0,0,0,3,1,0,2,0,3,2,0,0,0,2,1,0,0,0,1,1,0,0,0,1
1,0,0,0,1,5,2,0,0,7,5,2,0,1,8,1,1,0,2,4,2,0,0,1,3,3,0,0,0,3,1,0,0,0,1,1,0,0,0,1,1,0,0,1,2,1,0,0,0,1
21,2,0,0,23,3,0,0,0,3,1,0,0,2,3,4,0,0,1,5,2,0,0,1,3,1,0,0,0,1,1,0,1,0,2,9,1,0,0,10,8,0,0,2,10,1,0,0,0,1
19,2,0,0,21,1,0,0,0,1,1,2,0,0,3,2,0,0,3,5,8,0,1,1,10,2,0,0,0,2,2,0,0,0,2,9,1,0,1,11,2,0,0,2,4,2,0,0,1,3
17,1,0,0,18,4,0,0,0,4,1,2,0,0,3,1,0,0,0,1,2,0,0,2,4,3,0,0,12,15,3,0,0,1,4,1,0,0,0,1,1,0,0,1,2,1,0,0,0,1
1,0,0,0,1,4,0,0,0,4,1,2,0,0,3,1,0,0,0,1,1,0,0,1,2,2,0,0,0,2,1,0,0,0,1,1,0,0,0,1,1,0,0,0,1,2,0,0,1,3
1,0,0,0,1,4,0,0,0,4,1,4,0,0,5,4,0,0,1,5,1,0,0,0,1,3,0,0,0,3,3,1,0,2,6,2,1,0,0,3,4,0,0,0,4,1,0,0,0,1
2,0,0,2,4,1,0,0,0,1,4,2,0,0,6,1,0,0,0,1,1,0,0,1,2,1,0,0,0,1,1,0,1,0,2,1,0,0,0,1,2,0,0,0,2,1,0,0,1,2
4,0,0,0,4,2,0,0,1,3,1,0,0,0,1,1,0,0,0,1,6,0,0,1,7,2,0,0,1,3,2,0,0,0,2,1,0,0,1,2,4,0,0,2,6,2,0,0,1,3
21,2,0,5,28,2,0,0,0,2,1,0,0,0,1,2,0,0,0,2,1,0,0,2,3,3,0,0,0,3,1,0,3,0,4,2,0,0,0,2,1,0,0,2,3,1,0,0,0,1
1,0,0,0,1,2,0,0,0,2,1,0,0,0,1,2,0,0,1,3,4,0,0,0,4,9,0,0,2,11,1,0,1,0,2,2,0,0,0,2,35,0,0,10,45,1,0,0,1,2
2,0,0,0,2,2,0,0,0,2,2,4,0,0,6,2,1,2,0,5,1,0,0,1,2,1,0,0,1,2,3,0,0,1,4,4,0,0,3,7,1,0,0,2,3,,,,,
5,0,0,0,5,1,0,0,1,2,4,2,0,0,6,2,0,0,0,2,1,0,0,2,3,3,0,0,0,3,1,0,0,0,1,1,0,0,0,1,1,0,0,2,3,,,,,
0,0,0,0,0,2,0,0,0,2,2,4,0,0,6,1,0,4,1,6,1,0,0,0,1,9,0,0,2,11,12,0,0,2,14,1,0,0,0,1,10,1,0,1,12,,,,,
2,0,0,0,2,2,0,0,0,2,4,2,0,0,6,1,0,0,0,1,2,0,0,1,3,1,0,0,1,2,1,1,0,0,2,1,0,0,0,1,1,0,0,0,1,,,,,
2,0,0,0,2,4,0,0,0,4,1,4,0,0,5,1,1,0,3,5,1,0,0,2,3,,,,,,3,0,0,0,3,1,0,0,0,1,3,0,0,1,4,,,,,
0,0,0,0,0,1,0,0,1,2,4,2,0,0,6,4,0,0,1,5,1,0,0,1,2,,,,,,2,3,0,0,5,1,0,0,0,1,1,0,1,0,2,,,,,
1,0,0,1,2,1,0,0,1,2,4,0,0,0,4,1,0,0,0,1,2,0,0,1,3,,,,,,3,0,0,1,4,1,0,0,1,2,1,0,0,1,2,,,,,
1,0,0,0,1,1,0,0,1,2,1,0,0,0,1,1,1,0,3,5,2,0,0,2,4,,,,,,1,0,0,0,1,1,0,0,0,1,1,0,0,0,1,,,,,
1,0,0,0,1,1,0,0,0,1,3,1,0,1,5,8,0,0,5,13,1,1,0,0,2,,,,,,1,0,0,0,1,6,0,0,0,6,1,0,0,0,1,,,,,
1,0,0,1,2,1,0,0,1,2,1,0,0,0,1,1,0,0,0,1,1,0,0,1,2,,,,,,1,0,1,0,2,1,0,0,1,2,12,1,0,1,14,,,,,
1,0,0,0,1,1,1,0,1,3,2,0,0,0,2,4,0,0,1,5,1,0,0,1,2,,,,,,1,0,0,0,1,1,0,0,0,1,1,0,0,1,2,,,,,
1,0,0,0,1,1,0,0,0,1,4,2,0,0,6,0,1,0,13,14,1,0,0,0,1,,,,,,1,0,1,0,2,1,0,0,0,1,1,0,0,0,1,,,,,
1,0,0,0,1,1,1,0,1,3,17,8,2,35,62,1,0,0,0,1,4,0,0,0,4,,,,,,3,0,0,1,4,9,1,0,1,11,,,,,,,,,,
1,0,0,4,5,1,0,0,1,2,1,2,0,0,3,,,,,,1,0,0,0,1,,,,,,1,0,0,0,1,9,1,0,1,11,,,,,,,,,,
1,0,0,0,1,1,0,0,2,3,4,0,0,0,4,,,,,,1,0,0,2,3,,,,,,2,0,0,0,2,1,0,0,0,1,,,,,,,,,,
1,0,0,0,1,1,0,0,1,2,5,0,0,8,13,,,,,,1,0,0,0,1,,,,,,2,0,0,2,4,1,0,0,0,1,,,,,,,,,,
2,0,0,1,3,1,1,0,1,3,1,4,0,0,5,,,,,,1,0,0,0,1,,,,,,1,0,2,0,3,2,0,0,2,4,,,,,,,,,,
1,0,0,0,1,1,0,0,0,1,2,4,0,0,6,,,,,,1,0,0,1,2,,,,,,2,0,0,0,2,4,0,0,0,4,,,,,,,,,,
2,0,0,0,2,8,0,0,0,8,1,2,0,0,3,,,,,,1,0,0,1,2,,,,,,3,0,0,0,3,1,0,0,1,2,,,,,,,,,,
3,0,0,1,4,1,0,0,1,2,4,0,0,2,6,,,,,,1,0,0,0,1,,,,,,1,0,0,0,1,6,0,0,0,6,,,,,,,,,,
1,0,0,1,2,1,0,0,1,2,4,0,0,3,7,,,,,,1,0,0,1,2,,,,,,1,0,0,0,1,4,0,0,3,7,,,,,,,,,,
2,0,0,1,3,4,0,0,0,4,2,1,0,2,5,,,,,,,,,,,,,,,,1,0,0,0,1,1,0,0,0,1,,,,,,,,,,
1,2,0,2,5,1,0,0,0,1,1,0,0,0,1,,,,,,,,,,,,,,,,4,10,8,0,22,,,,,,,,,,,,,,,
3,0,0,0,3,1,0,0,3,4,1,0,0,0,1,,,,,,,,,,,,,,,,2,3,0,0,5,,,,,,,,,,,,,,,
1,0,0,0,1,1,0,0,1,2,2,4,0,0,6,,,,,,,,,,,,,,,,3,0,0,1,4,,,,,,,,,,,,,,,
10,0,0,0,10,3,0,0,0,3,1,0,0,0,1,,,,,,,,,,,,,,,,1,0,0,0,1,,,,,,,,,,,,,,,
3,0,0,8,11,5,2,0,4,11,1,0,0,2,3,,,,,,,,,,,,,,,,1,0,0,0,1,,,,,,,,,,,,,,,
9,0,0,3,12,2,0,0,0,2,1,0,0,0,1,,,,,,,,,,,,,,,,12,0,0,2,14,,,,,,,,,,,,,,,
4,0,0,1,5,5,0,0,2,7,4,0,0,0,4,,,,,,,,,,,,,,,,2,0,0,1,3,,,,,,,,,,,,,,,
1,0,0,0,1,1,0,0,0,1,1,2,0,0,3,,,,,,,,,,,,,,,,3,0,0,1,4,,,,,,,,,,,,,,,
2,0,0,0,2,1,0,0,0,1,5,2,0,1,8,,,,,,,,,,,,,,,,2,0,2,0,4,,,,,,,,,,,,,,,
1,0,0,0,1,2,0,0,0,2,4,0,0,0,4,,,,,,,,,,,,,,,,1,0,0,1,2,,,,,,,,,,,,,,,
3,0,0,1,4,1,0,0,0,1,1,0,0,0,1,,,,,,,,,,,,,,,,1,1,0,0,2,,,,,,,,,,,,,,,
1,0,0,1,2,1,0,0,1,2,1,0,0,1,2,,,,,,,,,,,,,,,,1,7,0,1,9,,,,,,,,,,,,,,,
1,0,0,1,2,2,0,0,5,7,1,0,0,0,1,,,,,,,,,,,,,,,,2,0,0,0,2,,,,,,,,,,,,,,,
1,0,0,1,2,1,0,0,1,2,1,0,0,0,1,,,,,,,,,,,,,,,,1,1,0,0,2,,,,,,,,,,,,,,,
1,0,1,2,4,4,0,0,1,5,12,4,0,4,20,,,,,,,,,,,,,,,,1,0,0,0,1,,,,,,,,,,,,,,,
1,0,0,1,2,1,1,1,0,3,3,0,0,0,3,,,,,,,,,,,,,,,,1,0,0,0,1,,,,,,,,,,,,,,,
6,0,0,0,6,3,0,0,5,8,2,0,0,1,3,,,,,,,,,,,,,,,,2,0,1,0,3,,,,,,,,,,,,,,,
2,0,0,2,4,1,1,0,1,3,8,0,0,0,8,,,,,,,,,,,,,,,,1,0,1,1,3,,,,,,,,,,,,,,,
1,0,0,0,1,5,2,0,3,10,4,0,0,0,4,,,,,,,,,,,,,,,,6,1,8,0,15,,,,,,,,,,,,,,,
1,0,0,0,1,1,0,0,2,3,35,0,0,5,40,,,,,,,,,,,,,,,,2,3,0,0,5,,,,,,,,,,,,,,,
2,0,0,0,2,1,0,0,0,1,4,2,0,0,6,,,,,,,,,,,,,,,,3,0,0,0,3,,,,,,,,,,,,,,,
1,0,0,0,1,4,10,8,0,22,1,0,0,0,1,,,,,,,,,,,,,,,,3,1,0,2,6,,,,,,,,,,,,,,,
2,0,0,1,3,1,0,0,0,1,7,5,0,7,19,,,,,,,,,,,,,,,,2,1,0,2,5,,,,,,,,,,,,,,,
1,0,0,0,1,1,0,0,1,2,24,0,0,1,25,,,,,,,,,,,,,,,,2,0,0,0,2,,,,,,,,,,,,,,,
5,0,0,0,5,2,0,0,1,3,4,2,0,0,6,,,,,,,,,,,,,,,,1,0,0,0,1,,,,,,,,,,,,,,,
1,0,0,0,1,5,2,0,4,11,,,,,,,,,,,,,,,,,,,,,12,0,0,2,14,,,,,,,,,,,,,,,
6,0,0,0,6,1,0,0,0,1,,,,,,,,,,,,,,,,,,,,,1,0,4,0,5,,,,,,,,,,,,,,,
2,0,0,2,4,1,0,0,1,2,,,,,,,,,,,,,,,,,,,,,1,0,0,0,1,,,,,,,,,,,,,,,
5,0,0,0,5,1,0,0,1,2,,,,,,,,,,,,,,,,,,,,,9,0,0,0,9,,,,,,,,,,,,,,,
1,0,0,0,1,3,0,0,3,6,,,,,,,,,,,,,,,,,,,,,1,0,0,0,1,,,,,,,,,,,,,,,
1,0,0,1,2,1,0,0,1,2,,,,,,,,,,,,,,,,,,,,,1,0,0,0,1,,,,,,,,,,,,,,,
2,0,0,0,2,2,0,0,5,7,,,,,,,,,,,,,,,,,,,,,1,2,0,4,7,,,,,,,,,,,,,,,
7,0,0,0,7,1,0,0,1,2,,,,,,,,,,,,,,,,,,,,,1,0,0,0,1,,,,,,,,,,,,,,,
1,0,0,0,1,1,0,0,1,2,,,,,,,,,,,,,,,,,,,,,1,0,0,1,2,,,,,,,,,,,,,,,
1,0,0,1,2,1,0,0,1,2,,,,,,,,,,,,,,,,,,,,,1,0,0,0,1,,,,,,,,,,,,,,,
19,2,0,3,24,1,0,0,1,2,,,,,,,,,,,,,,,,,,,,,1,0,0,0,1,,,,,,,,,,,,,,,
2,0,0,0,2,1,0,0,1,2,,,,,,,,,,,,,,,,,,,,,1,0,0,0,1,,,,,,,,,,,,,,,
4,0,0,0,4,2,0,0,0,2,,,,,,,,,,,,,,,,,,,,,4,10,8,0,22,,,,,,,,,,,,,,,
1,1,0,0,2,1,0,0,0,1,,,,,,,,,,,,,,,,,,,,,2,0,1,0,3,,,,,,,,,,,,,,,
1,0,0,1,2,2,0,0,0,2,,,,,,,,,,,,,,,,,,,,,1,0,0,0,1,,,,,,,,,,,,,,,
2,0,0,1,3,1,0,0,0,1,,,,,,,,,,,,,,,,,,,,,1,0,0,2,3,,,,,,,,,,,,,,,
1,0,0,0,1,2,0,0,1,3,,,,,,,,,,,,,,,,,,,,,0,0,0,0,0,,,,,,,,,,,,,,,
2,0,0,1,3,1,0,0,0,1,,,,,,,,,,,,,,,,,,,,,1,0,6,0,7,,,,,,,,,,,,,,,
4,0,0,0,4,,,,,,,,,,,,,,,,,,,,,,,,,,,,,,,,,,,,,,,,,,,,,
7,0,0,0,7,,,,,,,,,,,,,,,,,,,,,,,,,,,,,,,,,,,,,,,,,,,,,
1,0,0,0,1,,,,,,,,,,,,,,,,,,,,,,,,,,,,,,,,,,,,,,,,,,,,,
6,0,0,0,6,,,,,,,,,,,,,,,,,,,,,,,,,,,,,,,,,,,,,,,,,,,,,
2,0,0,0,2,,,,,,,,,,,,,,,,,,,,,,,,,,,,,,,,,,,,,,,,,,,,,
1,0,0,0,1,,,,,,,,,,,,,,,,,,,,,,,,,,,,,,,,,,,,,,,,,,,,,